{"labels_3d": [2, 0, 2, 0, 2, 0, 0, 2, 2, 2, 1, 1, 2, 1, 0, 0, 1, 2, 0, 0], "scores_3d": [513.9251098632812, 146.23709106445312, 129.62796020507812, 125.7416763305664, 125.61353302001953, 110.32813262939453, 93.53606414794922, 49.70889663696289, 39.04005813598633, 29.6881103515625, 12.694181442260742, 11.391660690307617, 10.57017707824707, 10.127604484558105, 8.15715503692627, 6.186512470245361, 5.399656772613525, 5.0435590744018555, 4.368602275848389, 4.315465927124023], "bboxes_3d": [[-2.6684889793395996, 1.341612458229065, 13.02779769897461, 3.541936159133911, 1.6076152324676514, 1.6223615407943726, 4.347607135772705], [-5.6537604331970215, 1.4022711515426636, 8.749950408935547, 0.8047776222229004, 1.886536955833435, 0.5722814202308655, 1.6664423942565918], [5.553830623626709, 1.019350290298462, 12.119494438171387, 3.7987723350524902, 1.479352355003357, 1.6144055128097534, 3.789186477661133], [-6.137272357940674, 1.3810181617736816, 8.444679260253906, 0.7184280753135681, 1.7856754064559937, 0.5906596779823303, 1.368058204650879], [8.714077949523926, 1.352832317352295, 10.599047660827637, 3.6439146995544434, 1.5082359313964844, 1.599003791809082, 6.92470645904541], [5.197657108306885, 1.0511624813079834, 10.152201652526855, 0.7121117115020752, 1.7262552976608276, 0.5801210999488831, 2.7472598552703857], [-8.987746238708496, 1.2368919849395752, 20.111011505126953, 0.7446169257164001, 1.791974663734436, 0.6593842506408691, 1.5822222232818604], [-2.442662477493286, 1.276181697845459, 20.60360336303711, 3.647033929824829, 1.480573296546936, 1.5954340696334839, 4.333823204040527], [3.0350990295410156, 1.0540263652801514, 17.787755966186523, 4.052414894104004, 1.601425290107727, 1.6578468084335327, 6.874383449554443], [0.41236358880996704, 1.1312419176101685, 23.165912628173828, 3.9480743408203125, 1.556632161140442, 1.659671664237976, 3.562016248703003], [-6.128163814544678, 1.3806438446044922, 8.421218872070312, 0.7239077091217041, 1.793210744857788, 0.5913390517234802, 1.3399302959442139], [-5.6537604331970215, 1.4022711515426636, 8.749950408935547, 0.8047776222229004, 1.886536955833435, 0.5722814202308655, 1.6664423942565918], [-20.50251579284668, 0.40890511870384216, 58.00080108642578, 4.088789939880371, 1.4747326374053955, 1.7101480960845947, 1.2358601093292236], [-2.6684889793395996, 1.341612458229065, 13.02779769897461, 3.541936159133911, 1.6076152324676514, 1.6223615407943726, 4.347607135772705], [-6.538853168487549, 1.4233744144439697, 8.991250038146973, 0.7217367887496948, 1.8002851009368896, 0.6412989497184753, 4.6901535987854], [-2.6684889793395996, 1.341612458229065, 13.02779769897461, 3.541936159133911, 1.6076152324676514, 1.6223615407943726, 4.347607135772705], [5.166080951690674, 1.0488293170928955, 10.101496696472168, 0.7209258079528809, 1.739423394203186, 0.5807092189788818, 2.6716244220733643], [4.760381698608398, 1.0752464532852173, 14.621444702148438, 3.8005928993225098, 1.5367238521575928, 1.6202276945114136, 6.128929138183594], [5.45047664642334, 1.1308268308639526, 10.75944995880127, 0.6354741454124451, 1.663927674293518, 0.5515590906143188, 5.602952003479004], [5.5797319412231445, 1.0245819091796875, 12.118803024291992, 3.7817606925964355, 1.5161893367767334, 1.6145830154418945, 6.821119785308838]], "box_type_3d": "Camera"}