{"labels_3d": [2, 2, 2, 2, 0, 0, 2, 1, 1, 1, 0, 0, 2, 0, 0, 2, 1, 0, 2, 1], "scores_3d": [184.1835479736328, 152.4836883544922, 70.4091567993164, 55.78569793701172, 36.37388229370117, 33.81026840209961, 24.31505584716797, 5.613775253295898, 3.859407424926758, 3.5889368057250977, 3.3447468280792236, 3.1588258743286133, 2.9946889877319336, 2.834576368331909, 2.4354984760284424, 2.2675065994262695, 2.1436731815338135, 2.0744991302490234, 1.67274010181427, 1.584823489189148], "bboxes_3d": [[-13.271010398864746, 0.7162730097770691, 18.69243621826172, 4.267662525177002, 1.420670747756958, 1.6477488279342651, 1.356039047241211], [-3.228073835372925, 1.252131462097168, 8.276965141296387, 3.6185474395751953, 1.6306838989257812, 1.6259946823120117, 4.429765701293945], [-16.0022029876709, 0.4299859404563904, 25.15362548828125, 4.143813610076904, 1.4786465167999268, 1.6500192880630493, 1.3324986696243286], [0.42551112174987793, 0.5949397087097168, 18.055112838745117, 4.0074567794799805, 1.6012221574783325, 1.6501646041870117, 4.774946212768555], [-3.237887382507324, 1.2476420402526855, 8.238058090209961, 3.5715184211730957, 1.6091114282608032, 1.6374040842056274, 4.382956504821777], [-3.097402572631836, 0.5802862644195557, 17.192485809326172, 0.8170273900032043, 1.7394790649414062, 0.5996775031089783, 2.657435178756714], [-2.4609317779541016, 0.38026300072669983, 20.748191833496094, 4.052266597747803, 1.4026731252670288, 1.6021385192871094, 4.689287185668945], [-3.097402572631836, 0.5802862644195557, 17.192485809326172, 0.8170273900032043, 1.7394790649414062, 0.5996775031089783, 2.657435178756714], [-3.237887382507324, 1.2476420402526855, 8.238058090209961, 3.5715184211730957, 1.6091114282608032, 1.6374040842056274, 4.382956504821777], [-13.271010398864746, 0.7162730097770691, 18.69243621826172, 4.267662525177002, 1.420670747756958, 1.6477488279342651, 1.356039047241211], [-2.5341951847076416, 0.439557284116745, 20.50082778930664, 4.038792133331299, 1.4233509302139282, 1.6427221298217773, 5.214548110961914], [-13.271010398864746, 0.7162730097770691, 18.69243621826172, 4.267662525177002, 1.420670747756958, 1.6477488279342651, 1.356039047241211], [-6.629786491394043, 3.1741225719451904, 10.577900886535645, 3.085120677947998, 1.5694330930709839, 1.1909674406051636, 3.9840447902679443], [-3.173007011413574, 0.5669955015182495, 18.01923942565918, 0.821258544921875, 1.725362777709961, 0.6054673194885254, 2.6380507946014404], [-6.871291160583496, 3.1845345497131348, 10.636642456054688, 3.057185173034668, 1.5718367099761963, 1.1947764158248901, 4.059881687164307], [-0.6647682189941406, 3.118061065673828, 10.377997398376465, 3.257294178009033, 1.5496699810028076, 1.2370229959487915, 1.7203474044799805], [-2.5613715648651123, 0.4443777799606323, 20.489727020263672, 4.037067890167236, 1.4282234907150269, 1.6461915969848633, 1.968764066696167], [-2.101588726043701, 3.2996721267700195, 10.67753791809082, 0.6795418858528137, 1.745336890220642, 0.46003904938697815, 1.2358152866363525], [-8.837778091430664, 1.9299672842025757, 10.279106140136719, 3.25085711479187, 1.4612538814544678, 1.5851752758026123, 4.5157318115234375], [-6.822197914123535, 3.184793710708618, 10.637748718261719, 3.0597493648529053, 1.5665191411972046, 1.1945263147354126, 4.032438278198242]], "box_type_3d": "Camera"}